"Marca temporal","Puntuación total","Autorización de tratamiento de datos personales
De acuerdo con la Ley 1581 de 2012, autorizo de manera libre, previa y voluntaria el tratamiento de mis datos personales para fines académicos relacionados con esta investigación. La información será utilizada únicamente con fines estadísticos y se garantizará su confidencialidad.","Autorización de tratamiento de datos personales
De acuerdo con la Ley 1581 de 2012, autorizo de manera libre, previa y voluntaria el tratamiento de mis datos personales para fines académicos relacionados con esta investigación. La información será utilizada únicamente con fines estadísticos y se garantizará su confidencialidad. [Puntuación]","Autorización de tratamiento de datos personales
De acuerdo con la Ley 1581 de 2012, autorizo de manera libre, previa y voluntaria el tratamiento de mis datos personales para fines académicos relacionados con esta investigación. La información será utilizada únicamente con fines estadísticos y se garantizará su confidencialidad. [Comentarios]","1. ¿Cuál es la principal actividad tecnológica que desarrolla su empresa? 
","1. ¿Cuál es la principal actividad tecnológica que desarrolla su empresa? 
 [Puntuación]","1. ¿Cuál es la principal actividad tecnológica que desarrolla su empresa? 
 [Comentarios]","2. ¿En qué rango se encuentra el número de empleados de su empresa? ","2. ¿En qué rango se encuentra el número de empleados de su empresa?  [Puntuación]","2. ¿En qué rango se encuentra el número de empleados de su empresa?  [Comentarios]","3. ¿Cuál es su nivel de participación en las decisiones relacionadas con tecnología e innovación dentro de su empresa?","3. ¿Cuál es su nivel de participación en las decisiones relacionadas con tecnología e innovación dentro de su empresa? [Puntuación]","3. ¿Cuál es su nivel de participación en las decisiones relacionadas con tecnología e innovación dentro de su empresa? [Comentarios]","4. ¿En qué etapa se encuentra su organización respecto al uso de herramientas de inteligencia artificial? ","4. ¿En qué etapa se encuentra su organización respecto al uso de herramientas de inteligencia artificial?  [Puntuación]","4. ¿En qué etapa se encuentra su organización respecto al uso de herramientas de inteligencia artificial?  [Comentarios]","  5.  ¿Qué proporción del presupuesto tecnológico de su organización se destina actualmente a iniciativas relacionadas con inteligencia artificial?  ","  5.  ¿Qué proporción del presupuesto tecnológico de su organización se destina actualmente a iniciativas relacionadas con inteligencia artificial?   [Puntuación]","  5.  ¿Qué proporción del presupuesto tecnológico de su organización se destina actualmente a iniciativas relacionadas con inteligencia artificial?   [Comentarios]","6.  ¿Cómo calificaría el nivel de interés en IA generativa en los siguientes grupos?  [1. Consejo / Dueños]","6.  ¿Cómo calificaría el nivel de interés en IA generativa en los siguientes grupos?  [1. Consejo / Dueños] [Puntuación]","6.  ¿Cómo calificaría el nivel de interés en IA generativa en los siguientes grupos?  [2. Directorio]","6.  ¿Cómo calificaría el nivel de interés en IA generativa en los siguientes grupos?  [2. Directorio] [Puntuación]","6.  ¿Cómo calificaría el nivel de interés en IA generativa en los siguientes grupos?  [3. Empleados]","6.  ¿Cómo calificaría el nivel de interés en IA generativa en los siguientes grupos?  [3. Empleados] [Puntuación]","6.  ¿Cómo calificaría el nivel de interés en IA generativa en los siguientes grupos?  [4. Áreas técnicas]","6.  ¿Cómo calificaría el nivel de interés en IA generativa en los siguientes grupos?  [4. Áreas técnicas] [Puntuación]","7.¿Cómo calificaría el nivel de preparación de su organización para adoptar herramientas de IA generativa en las siguientes áreas?  [1. Infraestructura tecnológica]","7.¿Cómo calificaría el nivel de preparación de su organización para adoptar herramientas de IA generativa en las siguientes áreas?  [1. Infraestructura tecnológica] [Puntuación]","7.¿Cómo calificaría el nivel de preparación de su organización para adoptar herramientas de IA generativa en las siguientes áreas?  [2. Estrategia]","7.¿Cómo calificaría el nivel de preparación de su organización para adoptar herramientas de IA generativa en las siguientes áreas?  [2. Estrategia] [Puntuación]","7.¿Cómo calificaría el nivel de preparación de su organización para adoptar herramientas de IA generativa en las siguientes áreas?  [3. Riesgo y gobernanza]","7.¿Cómo calificaría el nivel de preparación de su organización para adoptar herramientas de IA generativa en las siguientes áreas?  [3. Riesgo y gobernanza] [Puntuación]","7.¿Cómo calificaría el nivel de preparación de su organización para adoptar herramientas de IA generativa en las siguientes áreas?  [4. Talento]","7.¿Cómo calificaría el nivel de preparación de su organización para adoptar herramientas de IA generativa en las siguientes áreas?  [4. Talento] [Puntuación]","7.¿Cómo calificaría el nivel de preparación de su organización para adoptar herramientas de IA generativa en las siguientes áreas?  [5. Operaciones]","7.¿Cómo calificaría el nivel de preparación de su organización para adoptar herramientas de IA generativa en las siguientes áreas?  [5. Operaciones] [Puntuación]","  8. ¿En qué medida considera que la Inteligencia Artificial Generativa puede mejorar la toma de decisiones estratégicas en su empresa?  ","  8. ¿En qué medida considera que la Inteligencia Artificial Generativa puede mejorar la toma de decisiones estratégicas en su empresa?   [Puntuación]","  8. ¿En qué medida considera que la Inteligencia Artificial Generativa puede mejorar la toma de decisiones estratégicas en su empresa?   [Comentarios]","  9.  ¿Cuáles son los beneficios que espera lograr a través del uso de IA generativa?
[Escoger hasta 3]","  9.  ¿Cuáles son los beneficios que espera lograr a través del uso de IA generativa?
[Escoger hasta 3] [Puntuación]","  9.  ¿Cuáles son los beneficios que espera lograr a través del uso de IA generativa?
[Escoger hasta 3] [Comentarios]","10   ¿Qué factores han detenido el desarrollo o implementación de herramientas de IA generativa en su organización? ","10   ¿Qué factores han detenido el desarrollo o implementación de herramientas de IA generativa en su organización?  [Puntuación]","10   ¿Qué factores han detenido el desarrollo o implementación de herramientas de IA generativa en su organización?  [Comentarios]","  11. ¿Cuáles avances o aplicaciones de IA generativa resultan de mayor interés para su organización? ","  11. ¿Cuáles avances o aplicaciones de IA generativa resultan de mayor interés para su organización?  [Puntuación]","  11. ¿Cuáles avances o aplicaciones de IA generativa resultan de mayor interés para su organización?  [Comentarios]"," 12. Desde su perspectiva, ¿Qué impacto puede tener la inteligencia artificial generativa en la innovación y competitividad de las empresas tecnológicas?  "," 12. Desde su perspectiva, ¿Qué impacto puede tener la inteligencia artificial generativa en la innovación y competitividad de las empresas tecnológicas?   [Puntuación]"," 12. Desde su perspectiva, ¿Qué impacto puede tener la inteligencia artificial generativa en la innovación y competitividad de las empresas tecnológicas?   [Comentarios]"
"2026/03/24 6:17:40 p. m. GMT-5","0.00 / 0","","","","Consultoría enfocada en optimización de procesos y sistemas.","-- / 0","","1. 1 a 50 empleados","-- / 0","","1. Tomo la decisión para todas o la mayoría de estas áreas.","-- / 0","","1.Evaluación o exploración de posibles aplicaciones","-- / 0","","0","-- / 0","","e. Muy bajo","-- / 0","e. Muy bajo","-- / 0","e. Muy bajo","-- / 0","e. Muy bajo","-- / 0","d. Poco preparado","-- / 0","d. Poco preparado","-- / 0","d. Poco preparado","-- / 0","d. Poco preparado","-- / 0","d. Poco preparado","-- / 0","3.Impacto moderado","-- / 0","","4.Reducción de costos","-- / 0","","11.Falta de financiación","-- / 0","","No lo sé","-- / 0","","2.Alto","-- / 0",""
"2026/03/30 8:05:38 p. m. GMT-5","0.00 / 0","","","","Sello label","-- / 0","","1. 1 a 50 empleados","-- / 0","","1. Tomo la decisión para todas o la mayoría de estas áreas.","-- / 0","","2.Implementación inicial o proyectos piloto","-- / 0","","1.Más del 70%","-- / 0","","b. Alto","-- / 0","b. Alto","-- / 0","c. Moderado","-- / 0","b. Alto","-- / 0","a. Muy preparado","-- / 0","b. Preparado","-- / 0","b. Preparado","-- / 0","a. Muy preparado","-- / 0","a. Muy preparado","-- / 0","1.Muy alto impacto","-- / 0","","7.Desarrollo de nuevos modelos de negocio","-- / 0","","1.Preocupaciones regulatorias","-- / 0","","5.Modelos de IA más eficientes","-- / 0","","1.Muy alto","-- / 0",""
"2026/03/31 5:56:03 p. m. GMT-5","0.00 / 0","","","","Desarrollo de software","-- / 0","","4. De 501 a 1000 empleados","-- / 0","","4.Solo participo en decisiones de mi área de trabajo.","-- / 0","","4.Uso avanzado integrado en procesos estratégicos","-- / 0","","2.Entre 50% y 70%","-- / 0","","b. Alto","-- / 0","a. Muy alto","-- / 0","a. Muy alto","-- / 0","b. Alto","-- / 0","b. Preparado","-- / 0","c. Moderadamente preparado","-- / 0","a. Muy preparado","-- / 0","c. Moderadamente preparado","-- / 0","a. Muy preparado","-- / 0","1.Muy alto impacto","-- / 0","","3.Innovación en productos o servicios","-- / 0","","2.Dificultad para gestionar riesgos","-- / 0","","8.Hardware especializado para IA generativa","-- / 0","","1.Muy alto","-- / 0",""
"2026/03/31 6:03:10 p. m. GMT-5","0.00 / 0","","","","Análisis de datos o inteligencia artificial","-- / 0","","2. De 51 a 200 empleados","-- / 0","","3.Participo aportando recomendaciones en los planes de tecnología o innovación.","-- / 0","","2.Implementación inicial o proyectos piloto","-- / 0","","3.Entre 30% y 49%","-- / 0","","a. Muy alto","-- / 0","a. Muy alto","-- / 0","b. Alto","-- / 0","c. Moderado","-- / 0","a. Muy preparado","-- / 0","b. Preparado","-- / 0","a. Muy preparado","-- / 0","b. Preparado","-- / 0","b. Preparado","-- / 0","1.Muy alto impacto","-- / 0","","7.Desarrollo de nuevos modelos de negocio","-- / 0","","8.Problemas para elegir tecnologías","-- / 0","","5.Modelos de IA más eficientes","-- / 0","","1.Muy alto","-- / 0",""
"2026/04/02 3:01:22 p. m. GMT-5","0.00 / 0","","","","Desarrollo de software","-- / 0","","1. 1 a 50 empleados","-- / 0","","1. Tomo la decisión para todas o la mayoría de estas áreas.","-- / 0","","1.Evaluación o exploración de posibles aplicaciones","-- / 0","","1.Más del 70%","-- / 0","","a. Muy alto","-- / 0","a. Muy alto","-- / 0","b. Alto","-- / 0","a. Muy alto","-- / 0","a. Muy preparado","-- / 0","a. Muy preparado","-- / 0","a. Muy preparado","-- / 0","a. Muy preparado","-- / 0","a. Muy preparado","-- / 0","1.Muy alto impacto","-- / 0","","3.Innovación en productos o servicios","-- / 0","","5.Falta de gobernanza","-- / 0","","1.GenAI para automatización (IA agente)","-- / 0","","1.Muy alto","-- / 0",""
"2026/04/06 4:02:23 p. m. GMT-5","0.00 / 0","","","","Consultoría tecnológica","-- / 0","","1. 1 a 50 empleados","-- / 0","","3.Participo aportando recomendaciones en los planes de tecnología o innovación.","-- / 0","","2.Implementación inicial o proyectos piloto","-- / 0","","4.Entre el 10 % y el 29%","-- / 0","","a. Muy alto","-- / 0","a. Muy alto","-- / 0","a. Muy alto","-- / 0","a. Muy alto","-- / 0","b. Preparado","-- / 0","b. Preparado","-- / 0","b. Preparado","-- / 0","b. Preparado","-- / 0","b. Preparado","-- / 0","2.Alto impacto","-- / 0","","1.Aumento de la eficiencia operativa","-- / 0","","4.Falta de talento técnico","-- / 0","","2.Sistemas multiagente","-- / 0","","1.Muy alto","-- / 0",""
"2026/04/07 2:02:49 p. m. GMT-5","0.00 / 0","","","","Desarrollo de plataformas o aplicaciones digitales","-- / 0","","1. 1 a 50 empleados","-- / 0","","2.Tengo influencia significativa en las decisiones tecnológicas de la empresa","-- / 0","","2.Implementación inicial o proyectos piloto","-- / 0","","5.menos del 10%","-- / 0","","a. Muy alto","-- / 0","a. Muy alto","-- / 0","b. Alto","-- / 0","a. Muy alto","-- / 0","c. Moderadamente preparado","-- / 0","c. Moderadamente preparado","-- / 0","c. Moderadamente preparado","-- / 0","b. Preparado","-- / 0","c. Moderadamente preparado","-- / 0","1.Muy alto impacto","-- / 0","","3.Innovación en productos o servicios","-- / 0","","4.Falta de talento técnico","-- / 0","","1.GenAI para automatización (IA agente)","-- / 0","","1.Muy alto","-- / 0",""
"2026/04/09 8:46:50 a. m. GMT-5","0.00 / 0","","","","","-- / 0","","1. 1 a 50 empleados","-- / 0","","3.Participo aportando recomendaciones en los planes de tecnología o innovación.","-- / 0","","","-- / 0","","5.menos del 10%","-- / 0","","b. Alto","-- / 0","b. Alto","-- / 0","c. Moderado","-- / 0","b. Alto","-- / 0","d. Poco preparado","-- / 0","c. Moderadamente preparado","-- / 0","c. Moderadamente preparado","-- / 0","c. Moderadamente preparado","-- / 0","c. Moderadamente preparado","-- / 0","1.Muy alto impacto","-- / 0","","2. Mejora en la toma de decisiones","-- / 0","","5.Falta de gobernanza","-- / 0","","6.Modelos de IA orientados a toma de desiciones","-- / 0","","1.Muy alto","-- / 0",""
"2026/04/12 10:06:04 a. m. GMT-5","0.00 / 0","","","","Diseño Inmobiliario","-- / 0","","1. 1 a 50 empleados","-- / 0","","1. Tomo la decisión para todas o la mayoría de estas áreas.","-- / 0","","1.Evaluación o exploración de posibles aplicaciones","-- / 0","","4.Entre el 10 % y el 29%","-- / 0","","e. Muy bajo","-- / 0","e. Muy bajo","-- / 0","e. Muy bajo","-- / 0","e. Muy bajo","-- / 0","e. No preparado","-- / 0","e. No preparado","-- / 0","e. No preparado","-- / 0","e. No preparado","-- / 0","e. No preparado","-- / 0","2.Alto impacto","-- / 0","","1.Aumento de la eficiencia operativa","-- / 0","","11.Falta de financiación","-- / 0","","8.Hardware especializado para IA generativa","-- / 0","","2.Alto","-- / 0",""